﻿{
    "_id" : ObjectId("59e1c98b20010c8f070a8eb6"),
    "tablename" : "storyboardimage" ,
    "scheme" : 
    [
        {
            "field" : "user_storyboard_image_id",
            "type" : "int"
        }
        ,
        {
            "field" : "user_storyboard_id",
            "type" : "int"
        },
      {
        "field": "image_type_id",
        "type": "int"
      },
        {
            "field" : "int_foreign_key_id",
            "type" : "int"
        },
        {
            "field" : "string_foreign_key_id",
            "type" : "string"
        },
        {
            "field" : "image_count",
            "type" : "int"
        }
    ]
}